[
    {
        "vid": "03",
        "title": "Cute Cat Video",
        "thumbnail": "./images/vid03.jpg",
        "release": "02/13/2023",
        "creator": "TestUser1",
        "category": "kids"
    },
    {
        "vid": "01",
        "title": "Cute Dog Video",
        "thumbnail": "./images/vid01.jpg",
        "release": "02/28/2023",
        "creator": "TestUser2",
        "category": "kids"
    },
    {
        "vid": "02",
        "title": "Programming Tutorial",
        "thumbnail": "./images/vid02.jpg",
        "release": "03/1/2023",
        "creator": "TestUser2",
        "category": "educational"
    }
]